year_month,total_sales,total_transactions,store_day_count,sales_volume_per_transaction,previous_total_sales,previous_total_transactions,previous_sales_volume_per_transaction,sales_change,transaction_effect,volume_per_transaction_effect,interaction_effect,sales_change_direction,dominant_change_driver
2013-01,10327624.7369095,2289558,1381,4.510750431703193,,,,,,,,No change / first month,Not available for first month
2013-02,9658959.7774368,2169615,1288,4.451923395365906,10327624.7369095,2289558.0,4.510750431703193,-668664.9594726991,-541032.939029776,-134687.91166232596,7055.8912194032055,Decrease,Transactions
2013-03,11428497.0374875,2458683,1426,4.648219000777042,9658959.7774368,2169615.0,4.451923395365906,1769537.260050699,1286908.5920516318,425885.8899340809,56742.77806498613,Increase,Transactions
2013-04,10993464.7380118,2344905,1380,4.688234592877665,11428497.0374875,2458683.0,4.648219000777042,-435032.29947569966,-528865.0614704102,98385.65603273633,-4552.894038024696,Decrease,Transactions
2013-05,11597704.0070268,2467465,1449,4.700250664964569,10993464.7380118,2344905.0,4.688234592877665,604239.2690150011,574590.0317030866,28176.54751694273,1472.6897949710121,Increase,Transactions
2013-06,11676222.3752446,2392206,1406,4.880943520434528,11597704.0070268,2467465.0,4.700250664964569,78518.36821779981,-353736.1647945685,445853.29662218114,-13598.763609813606,Increase,Sales volume per transaction
2013-07,11257400.6076808,2401968,1434,4.686740459356994,11676222.3752446,2392206.0,4.880943520434528,-418821.76756380126,47647.77064648186,-464573.7279280434,-1895.8102822388873,Decrease,Sales volume per transaction
2013-08,11737788.9194727,2461139,1457,4.769250708502324,11257400.6076808,2401968.0,4.686740459356994,480388.31179190055,277319.11972061265,198186.97811911054,4882.213952178335,Increase,Transactions
2013-09,11792933.2318679,2380462,1410,4.954052293994989,11737788.9194727,2461139.0,4.769250708502324,55144.31239520013,-384768.839409842,454822.3893178326,-14909.237512791753,Increase,Sales volume per transaction
2013-10,11775620.3605191,2408440,1457,4.889314394595298,11792933.2318679,2380462.0,4.954052293994989,-17312.871348800138,138604.4750813918,-154106.1094807867,-1811.2369494045483,Decrease,Sales volume per transaction
2013-11,12356559.2929861,2369866,1410,5.21403290016655,11775620.3605191,2408440.0,4.889314394595298,580938.9324670006,-188600.41345711905,782065.0375580246,-12525.69163390545,Increase,Sales volume per transaction
2013-12,15803117.1479746,2962866,1410,5.333726583643877,12356559.2929861,2369866.0,5.21403290016655,3446557.8549884986,3091921.509798764,283657.99088767904,70978.35430205491,Increase,Transactions
2014-01,18908494.5547014,2393528,1411,7.899842640111751,15803117.1479746,2962866.0,5.333726583643877,3105377.4067268,-3036693.2256786376,7603058.015762744,-1460987.3833573065,Increase,Sales volume per transaction
2014-02,12038352.6339783,2278167,1316,5.284227466194665,18908494.5547014,2393528.0,7.899842640111751,-6870141.920723099,-911333.7468059317,-6260548.1559954155,301739.982078249,Decrease,Sales volume per transaction
2014-03,20357569.856477,2545427,1456,7.9977032759049855,12038352.6339783,2278167.0,5.284227466194665,8319217.2224987,1412262.632615186,6181751.044980332,725203.5449031803,Increase,Sales volume per transaction
2014-04,12861251.0571494,2455666,1393,5.237377989168478,20357569.856477,2545427.0,7.9977032759049855,-7496318.799327601,-717881.8437485074,-7026206.513641847,247769.55806275565,Decrease,Sales volume per transaction
2014-05,13379785.2611975,2503262,1429,5.34494002673212,12861251.0571494,2455666.0,5.237377989168478,518534.20404810086,249278.2427724629,264136.4385357577,5119.522739879089,Increase,Sales volume per transaction
2014-06,13319958.1730016,2399144,1410,5.5519627721393965,13379785.2611975,2503262.0,5.34494002673212,-59827.0881958995,-556504.4657032948,518232.17171371006,-21554.794206314826,Decrease,Transactions
2014-07,19421891.0438224,2442341,1465,7.952161898695719,13319958.1730016,2399144.0,5.5519627721393965,6101932.8708208,239828.1358681055,5758423.333282841,103681.40166985347,Increase,Sales volume per transaction
2014-08,13885176.4190542,2537572,1460,5.47183544705498,19421891.0438224,2442341.0,7.952161898695719,-5536714.624768199,757292.3297746921,-6057802.986226694,-236203.9683161992,Decrease,Sales volume per transaction
2014-09,20022416.1138096,2449131,1430,8.175314474321546,13885176.4190542,2537572.0,5.47183544705498,6137239.6947554,-483934.5987729895,6860272.682178874,-239098.38865048235,Increase,Sales volume per transaction
2014-10,20396101.3141771,2503310,1488,8.147653033055075,20022416.1138096,2449131.0,8.175314474321546,373685.20036749914,442930.36290426704,-67746.49331039249,-1498.6692263761124,Increase,Transactions
2014-11,20531635.2036432,2450298,1440,8.379240077591868,20396101.3141771,2503310.0,8.147653033055075,135533.88946609944,-431923.38258831564,579734.1644593996,-12276.892404984477,Increase,Sales volume per transaction
2014-12,24340454.3638302,3049083,1440,7.982876938354975,20531635.2036432,2450298.0,8.379240077591868,3808819.1601870023,5017363.269860847,-971207.8073458808,-237336.30232796306,Increase,Transactions
2015-01,14896922.0571985,2489059,1441,5.984961407985307,24340454.3638302,3049083.0,7.982876938354975,-9443532.306631701,-4470602.674525307,-6091810.279086139,1118880.646979743,Decrease,Sales volume per transaction
2015-02,13742395.8483812,2345984,1360,5.8578386930095006,14896922.0571985,2489059.0,5.984961407985307,-1154526.2088172995,-856298.3534474978,-316415.937814966,18188.082445163516,Decrease,Transactions
2015-03,15598607.5183553,2625500,1529,5.941195017465359,13742395.8483812,2345984.0,5.8578386930095006,1856211.6699740998,1637359.6401152436,195552.60347225354,23299.42638660384,Increase,Transactions
2015-04,14955068.1707755,2533355,1470,5.903265894742544,15598607.5183553,2625500.0,5.941195017465359,-643539.3475798015,-547451.4148843455,-99582.91170875111,3494.9790132937997,Decrease,Transactions
2015-05,17730368.244309,2673911,1522,6.630874492198506,14955068.1707755,2533355.0,5.903265894742544,2775300.0735335015,829739.441101433,1843290.8784080488,102269.7540240202,Increase,Sales volume per transaction
2015-06,21615360.3512421,2530903,1500,8.540572416739044,17730368.244309,2673911.0,6.630874492198506,3884992.1069330983,-948268.099380324,5106362.287106114,-273102.08079269325,Increase,Sales volume per transaction
2015-07,22209619.0387389,2604784,1557,8.526472459420397,21615360.3512421,2530903.0,8.540572416739044,594258.6874968,630986.0307210974,-35685.624277636474,-1041.7189466589832,Increase,Transactions
2015-08,22963674.2412815,2675057,1592,8.58436819898847,22209619.0387389,2604784.0,8.526472459420397,754055.2025425993,599180.7991408495,150805.89609508298,4068.5073066671807,Increase,Transactions
2015-09,23240882.4779112,2545252,1560,9.13107326029454,22963674.2412815,2675057.0,8.58436819898847,277208.23662970215,-1114293.9140696984,1462467.2011822334,-70965.0504828345,Increase,Sales volume per transaction
2015-10,23878267.6645621,2610484,1635,9.147065319903167,23240882.4779112,2545252.0,9.13107326029454,637385.1866508983,595638.1709155334,40703.82170297521,1043.1940323899084,Increase,Transactions
2015-11,22804953.3682112,2528193,1590,9.020258092721244,23878267.6645621,2610484.0,9.147065319903167,-1073314.2963509,-752721.1522401515,-331028.2376427738,10435.093532027584,Decrease,Transactions
2015-12,27243981.6737737,3149888,1590,8.64919059781608,22804953.3682112,2528193.0,9.020258092721244,4439028.3055625,5607849.354954334,-938130.2431467713,-230690.80624506593,Increase,Transactions
2016-01,21647461.5495471,2371205,1481,9.129308326166273,27243981.6737737,3149888.0,8.64919059781608,-5596520.1242266,-6734977.682279219,1512317.0711175313,-373859.5130649129,Decrease,Transactions
2016-02,21947408.8010028,2465798,1537,8.900732663828425,21647461.5495471,2371205.0,9.129308326166273,299947.2514557019,863568.6624970462,-541999.7534138166,-21621.657627524044,Increase,Transactions
2016-03,23131780.8838199,2607658,1641,8.870711145334205,21947408.8010028,2465798.0,8.900732663828425,1184372.0828171,1262657.9356907003,-74027.00026000978,-4258.852613589997,Increase,Transactions
2016-04,25963025.1019622,2631797,1590,9.865132113898678,23131780.8838199,2607658.0,8.870711145334205,2831244.218142301,214130.09633722238,2593109.7940448965,24004.327760177814,Increase,Sales volume per transaction
2016-05,24779432.2602277,2666157,1643,9.294063425457578,25963025.1019622,2631797.0,9.865132113898678,-1183592.8417345025,338965.93943355855,-1502936.8610332217,-19621.920134836197,Decrease,Sales volume per transaction
2016-06,22209218.5803836,2491063,1590,8.915558771650336,24779432.2602277,2666157.0,9.294063425457578,-2570213.6798441,-1627334.7414170692,-1009152.8322807563,66273.89385372533,Decrease,Transactions
2016-07,23462672.4331036,2594087,1643,9.044674458915063,22209218.5803836,2491063.0,8.915558771650336,1253453.8527199998,918516.5268905042,321635.3112647337,13302.01456476128,Increase,Transactions
2016-08,22452414.3178949,2536111,1616,8.853088180247196,23462672.4331036,2594087.0,9.044674458915063,-1010258.1152087003,-524374.0464300597,-496991.47487069,11107.406092048233,Decrease,Transactions
2016-09,22390039.4889967,2436974,1528,9.187639871823293,22452414.3178949,2536111.0,8.853088180247196,-62374.8288981989,-877668.6029251663,848460.2250747472,-33166.45104777954,Decrease,Transactions
2016-10,24030389.816292,2526000,1586,9.513218454589074,22390039.4889967,2436974.0,9.187639871823293,1640350.3272952996,817938.8272289406,793426.5411570555,28984.958909306388,Increase,Sales volume per transaction
2016-11,24642640.1973935,2529516,1556,9.742037685230494,24030389.816292,2526000.0,9.513218454589074,612250.3811015002,33448.476086335184,577997.3766002277,804.5284149352337,Increase,Sales volume per transaction
2016-12,29640287.5793851,3195971,1588,9.274266750037814,24642640.1973935,2529516.0,9.742037685230494,4997647.3819916025,6492629.725510289,-1183234.064904848,-311748.27861383784,Increase,Transactions
2017-01,26328159.9357051,2612848,1591,10.07642233138135,29640287.5793851,3195971.0,9.274266750037814,-3312127.6436800025,-5408038.2500823,2563665.975462082,-467755.3690597867,Decrease,Transactions
2017-02,23250112.3749368,2448370,1484,9.49615963883596,26328159.9357051,2612848.0,10.07642233138135,-3078047.560768299,-1657349.7922209417,-1516138.2156918354,95440.44714448054,Decrease,Transactions
2017-03,26704017.6908793,2680645,1643,9.961788185634166,23250112.3749368,2448370.0,9.49615963883596,3453905.3159425,2205720.480110623,1140030.9651243226,108153.87070755319,Increase,Transactions
2017-04,25895308.489555098,2667808,1601,9.706586264661887,26704017.6908793,2680645.0,9.961788185634166,-808709.2013242021,-127879.47493898579,-684105.7534447358,3276.02705952115,Decrease,Sales volume per transaction
2017-05,26911847.250593,2801884,1674,9.604911284904372,25895308.489555098,2667808.0,9.706586264661887,1016538.761037901,1301420.2600208072,-271249.324396937,-13632.174585968603,Increase,Transactions
2017-06,25682822.1249936,2668863,1620,9.62313244441307,26911847.250593,2801884.0,9.604911284904372,-1229025.1255993992,-1277654.9040292643,51053.57528886961,-2423.7968590065557,Decrease,Transactions
2017-07,27011477.5658307,2784026,1674,9.702307940310435,25682822.1249936,2668863.0,9.62313244441307,1328655.4408371001,1108228.8016959424,211308.55150712968,9118.087634028265,Increase,Transactions
2017-08,12433322.9407775,1335692,810,9.308525424107877,27011477.5658307,2784026.0,9.702307940310435,-14578154.6250532,-14052182.468421573,-1096300.7634533425,570328.6068217155,Decrease,Transactions
